facing,rate,area_sqft,bedRoom,bathroom,balcony,noOfFloor,agePossession_processed,avg_rating,price
North-East,20115.0,2604.8638,5,4,3.0,3,1.0,4.25,52500000.0
Missing,105751.0,538.1949999999999,5,4,2.0,2,10.0,4.344818081587651,57000000.0
West,38251.0,548.9589,10,10,3.0,5,1.0,5.0,21000000.0
North,43066.0,1162.5012,21,21,3.0,5,5.0,4.25,50000000.0
West,53763.0,559.7228,12,12,3.0,5,0.5,5.0,30000000.0
East,39062.0,1151.7373,20,20,3.0,4,5.0,5.0,45000000.0
East,37037.0,3239.9339,5,5,3.0,3,1.0,3.75,120000000.0
Missing,48889.0,4499.3102,16,16,3.0,4,1.0,5.0,200000000.0
North-East,38150.0,2841.6696,6,6,1.0,3,5.0,5.0,108500000.0
West,10077.0,1937.502,3,4,3.0,4,1.0,5.0,19500000.0
West,32963.0,1345.4875,4,3,3.0,2,10.0,5.0,44500000.0
North,27778.0,3239.9339,6,7,3.0,3,10.0,4.75,90000000.0
North,34083.0,1463.8904,13,13,3.0,4,1.0,4.5,50000000.0
North,33200.0,4520.838,5,6,3.0,3,10.0,5.0,150000000.0
West,30556.0,2701.7389,5,6,3.0,3,10.0,4.0,82500000.0
East,14914.0,1345.4875,6,4,3.0,3,5.0,4.344818081587651,20000000.0
South-West,29861.0,3595.1426,9,9,3.0,3,15.0,5.0,107500000.0
North-East,23333.0,904.1676,7,7,3.0,3,5.0,4.25,21000000.0
South,41762.0,2163.5439,4,4,3.0,3,10.0,5.0,73500000.0
North,15451.0,2884.7252,6,6,3.0,3,10.0,5.0,44500000.0
West,12938.0,2626.3916,9,9,3.0,3,10.0,4.0,34000000.0
North-East,38095.0,3153.8227,5,6,3.0,3,5.0,3.75,120000000.0
Missing,25926.0,3239.9339,4,4,3.0,2,15.0,4.25,84000000.0
East,26235.0,3239.9339,4,4,2.0,0,10.0,4.25,85000000.0
East,38760.0,1937.502,9,9,3.0,4,5.0,5.0,76000000.0
North-East,25926.0,2701.7389,5,5,3.0,3,5.0,5.0,70000000.0
South-East,9374.0,5069.796899999999,5,5,1.0,1,15.0,5.0,47500000.0
North-East,13410.0,2604.8638,9,9,3.0,3,5.0,4.0,35000000.0
North-West,21124.0,2368.058,9,9,3.0,3,10.0,4.0,50000000.0
Missing,32593.0,3239.9339,5,5,3.0,3,10.0,5.0,105600000.0
East,24170.0,2260.419,4,5,3.0,2,5.0,4.0,54600000.0
North,37037.0,2701.7389,5,6,3.0,3,15.0,5.0,100000000.0
East,28490.0,3153.8227,10,10,3.0,3,15.0,5.0,90000000.0
North-East,122222.0,904.1676,4,4,3.0,1,7.970650953984288,4.344818081587651,100000000.0
Missing,13542.0,1442.3626,2,2,2.0,2,15.0,4.0,19500000.0
South-East,19097.0,1732.9879,4,4,2.0,3,10.0,4.0,33000000.0
North-East,48148.0,2701.7389,12,16,3.0,4,1.0,5.0,130000000.0
North,22222.0,3229.17,3,3,2.0,1,15.0,5.0,72000000.0
East,22222.0,2701.7389,4,4,3.0,3,15.0,4.5,60000000.0
North,33333.0,2701.7389,5,5,3.0,3,15.0,5.0,90000000.0
North,32222.0,1797.5712999999998,5,5,3.0,2,15.0,5.0,58000000.0
East,7290.0,753.473,2,1,1.0,1,1.0,4.344818081587651,5511000.0
South-East,27741.0,2701.7389,12,12,3.0,4,5.0,4.25,74900000.0
North-West,50000.0,2701.7389,16,16,3.0,4,5.0,5.0,135000000.0
West,43534.0,2744.7945,12,12,3.0,4,5.0,4.5,119500000.0
North-East,45889.0,2701.7389,16,18,3.0,4,1.0,4.5,123900000.0
East,34722.0,1797.5712999999998,5,5,3.0,2,10.0,5.0,62500000.0
East,27612.619900497517,3153.8227,5,5,3.0,3,5.0,3.75,49284510.43841336
North,20690.0,2604.8638,4,5,3.0,3,5.0,4.25,54000000.0
North,29716.0,1937.502,4,4,2.0,2,15.0,4.0,57500000.0
South,16378.0,1560.7655,3,3,2.0,2,15.0,4.75,25500000.0
South-West,17284.0,3239.9339,8,6,3.0,0,10.0,4.75,56000000.0
North-East,37777.0,4499.3102,5,8,3.0,3,5.0,4.25,170000000.0
South-East,12519.0,6382.9927,4,6,3.0,2,1.0,4.0,79900000.0
East,25562.0,1463.8904,6,6,3.0,3,10.0,5.0,37500000.0
South,27971.0,2594.0999,3,4,2.0,2,10.0,4.25,72500000.0
North,21000.0,4004.1708,4,5,3.0,2,10.0,4.25,84000000.0
Missing,24500.0,1453.1265,4,4,3.0,2,15.0,4.25,35500000.0
East,7058.0,3401.3924,4,4,3.0,3,10.0,3.75,25000000.0
East,7058.0,3401.3924,4,4,3.0,3,10.0,4.5,25000000.0
North-East,11250.0,7997.5777,5,5,3.0,3,5.0,4.344818081587651,90000000.0
North,23333.0,904.1676,3,3,2.0,3,10.0,4.0,21000000.0
Missing,13622.0,5026.7413,4,4,2.4936708860759493,0,0.0,4.0,49284510.43841336
Missing,13909.0,4133.3376,4,4,2.4936708860759493,0,0.0,4.0,49284510.43841336
Missing,20000.0,2497.2248,5,5,1.0,1,5.0,4.5,45000000.0
South-East,35400.0,1937.502,5,4,3.0,3,10.0,4.0,65000000.0
Missing,16058.0,6522.9234,4,4,2.4936708860759493,0,0.0,3.75,49284510.43841336
Missing,16058.0,5607.9919,4,4,2.4936708860759493,0,0.0,3.75,49284510.43841336
Missing,13623.0,5026.7413,4,4,2.4936708860759493,0,0.0,4.0,49284510.43841336
Missing,13910.0,3164.5866,4,4,2.4936708860759493,0,0.0,4.0,49284510.43841336
Missing,13910.0,3153.8227,4,4,2.4936708860759493,0,0.0,4.0,49284510.43841336
Missing,12027.0,6350.701,4,4,2.4936708860759493,0,0.0,4.0,49284510.43841336
Missing,15700.0,5607.9919,4,4,2.4936708860759493,0,0.0,3.75,49284510.43841336
Missing,19708.0,6522.9234,4,4,2.4936708860759493,0,0.0,3.75,49284510.43841336
Missing,16039.0,5607.9919,4,4,2.4936708860759493,0,0.0,3.75,49284510.43841336
Missing,13331.0,5844.7977,4,4,2.4936708860759493,0,0.0,4.344818081587651,49284510.43841336
Missing,11100.0,5037.5052,4,4,2.4936708860759493,0,0.0,4.0,49284510.43841336
Missing,11100.0,3143.0588,4,4,2.4936708860759493,0,0.0,4.0,49284510.43841336
Missing,11100.0,3153.8227,4,4,2.4936708860759493,0,0.0,4.0,49284510.43841336
Missing,40135.0,2368.058,12,12,3.0,4,1.0,4.0,95000000.0
East,16244.0,3078.4754,4,4,2.0,2,15.0,4.5,50000000.0
Missing,19708.0,6522.9234,4,4,2.4936708860759493,0,0.0,3.75,49284510.43841336
Missing,16039.0,5607.9919,4,4,2.4936708860759493,0,0.0,3.75,49284510.43841336
Missing,11100.0,3498.2675,4,4,2.4936708860759493,0,0.0,4.0,49284510.43841336
Missing,11100.0,3153.8227,4,4,2.4936708860759493,0,0.0,4.0,49284510.43841336
Missing,16999.0,1496.1821,4,4,2.4936708860759493,0,0.0,4.5,49284510.43841336
Missing,10714.0,6996.535,4,4,2.4936708860759493,0,0.0,4.25,49284510.43841336
Missing,12027.0,6350.701,4,4,2.4936708860759493,0,0.0,4.0,49284510.43841336
Missing,27612.619900497517,2701.7389,4,4,2.4936708860759493,0,0.0,4.25,49284510.43841336
Missing,27612.619900497517,2271.1829,4,4,2.4936708860759493,0,0.0,4.25,49284510.43841336
North-East,21605.0,2432.6414,4,4,3.0,2,1.0,4.0,55000000.0
North-East,10463.0,5403.4778,4,4,3.0,2,1.0,4.0,56500000.0
Missing,18750.0,4004.1708,4,4,2.4936708860759493,0,0.0,4.25,49284510.43841336
Missing,19000.0,3003.1281,4,4,2.4936708860759493,0,0.0,4.25,49284510.43841336
Missing,27793.0,6146.1869,4,4,2.4936708860759493,0,0.0,4.25,49284510.43841336
Missing,22006.0,4004.1708,4,4,2.4936708860759493,0,0.0,4.25,49284510.43841336
Missing,19000.0,3003.1281,4,4,2.4936708860759493,0,0.0,4.25,49284510.43841336
Missing,13333.0,5844.7977,4,4,2.4936708860759493,0,0.0,4.344818081587651,49284510.43841336
Missing,22222.0,3153.8227,4,4,2.4936708860759493,0,0.0,4.25,49284510.43841336
Missing,28760.0,2228.1273,4,4,2.4936708860759493,0,0.0,4.25,49284510.43841336
Missing,16975.0,3239.9339,4,4,2.4936708860759493,0,0.0,4.25,49284510.43841336
South-East,41615.0,2400.3497,4,4,3.0,3,5.0,3.75,88000000.0
Missing,16058.0,6522.9234,4,4,2.4936708860759493,0,0.0,3.75,49284510.43841336
Missing,15700.0,5607.9919,4,4,2.4936708860759493,0,0.0,3.75,49284510.43841336
Missing,27612.619900497517,1969.7937,4,4,2.4936708860759493,0,0.0,4.25,49284510.43841336
Missing,27612.619900497517,3702.7816,4,4,2.4936708860759493,0,0.0,4.344818081587651,49284510.43841336
South-East,14444.0,2249.6551,3,3,2.0,2,15.0,5.0,32500000.0
North-East,10101.0,4951.394,3,3,2.0,1,15.0,5.0,50000000.0
North,38703.0,2701.7389,4,5,2.0,3,10.0,5.0,104500000.0
North,22222.0,8772.5785,5,6,3.0,2,10.0,4.25,195000000.0
Missing,12828.0,6996.535,4,4,2.4936708860759493,0,0.0,4.344818081587651,49284510.43841336
Missing,12842.0,6996.535,4,4,2.4936708860759493,0,0.0,4.344818081587651,49284510.43841336
East,23148.0,3239.9339,5,5,3.0,2,5.0,4.0,75000000.0
South,8557.0,785.7647,3,2,1.0,1,10.0,4.344818081587651,6700000.0
South-East,16428.0,269.0975,4,4,2.0,3,5.0,4.0,57500000.0
Missing,27612.619900497517,5844.7977,4,4,2.4936708860759493,0,0.0,4.344818081587651,49284510.43841336
East,10556.0,5403.4778,4,5,3.0,3,5.0,4.0,57000000.0
East,13519.0,2368.058,3,3,2.0,1,15.0,4.0,32000000.0
West,42032.0,2734.0306,12,13,3.0,4,5.0,4.5,115000000.0
North-West,24069.0,3196.8783,4,5,3.0,2,10.0,4.25,76900000.0
North-East,21605.0,3239.9339,4,4,3.0,1,5.0,4.0,70000000.0
East,13889.0,1076.39,2,2,2.0,1,10.0,4.0,15500000.0
North-West,14650.0,2626.3916,4,4,3.0,3,15.0,4.0,38500000.0
North-West,13889.0,1442.3626,2,2,2.0,2,15.0,4.0,20000000.0
North-West,13778.0,2249.6551,3,3,2.0,2,15.0,4.0,31000000.0
North-West,15625.0,1442.3626,3,3,2.0,2,15.0,4.0,22500000.0
North-East,23333.0,2400.3497,4,4,2.0,3,15.0,5.0,70000000.0
North,21250.0,4004.1708,4,5,3.0,2,10.0,4.25,85000000.0
East,38667.0,2249.6551,4,5,2.0,3,1.0,3.75,87000000.0
East,26667.0,4499.3102,5,6,3.0,3,5.0,4.0,125000000.0
North-West,12593.0,5403.4778,4,5,3.0,2,5.0,4.0,68000000.0
West,26389.0,3595.1426,7,6,3.0,3,5.0,4.0,95000000.0
West,12963.0,5403.4778,5,6,2.0,2,5.0,4.0,70000000.0
South-West,25514.0,2432.6414,5,5,2.0,2,5.0,4.0,62000000.0
North-East,24845.0,1453.1265,5,5,3.0,3,10.0,4.5,36000000.0
North,17650.0,1732.9879,5,5,2.0,2,15.0,4.344818081587651,30500000.0
East,24280.0,2432.6414,4,5,2.0,2,5.0,4.0,59000000.0
East,26423.0,2217.3634,4,5,3.0,2,5.0,4.0,58500000.0
North-East,6666.0,5995.4923,4,4,3.0,2,5.0,4.25,40000000.0
North,8916.0,5995.4923,4,4,3.0,3,5.0,4.25,53500000.0
East,36667.0,1797.5712999999998,6,7,3.0,2,10.0,5.0,66000000.0
West,9000.0,6996.535,4,5,3.0,2,5.0,4.0,63000000.0
North-East,20000.0,7997.5777,5,6,3.0,2,5.0,4.0,120000000.0
East,9028.0,721.1813,3,2,1.0,1,5.0,4.0,6500000.0
South,4074.0,1345.4875,3,3,2.0,2,5.0,4.344818081587651,5500000.0
North,630.0,13497.9306,3,3,1.0,1,5.0,4.344818081587651,8500000.0
West,86567.0,64.5834,2,2,1.0,2,10.0,4.344818081587651,5800000.0
South-East,92857.0,75.34729999999999,1,1,1.0,1,10.0,4.344818081587651,6500000.0
South-East,100000.0,64.5834,2,2,2.0,2,10.0,4.344818081587651,6100000.0
South,88157.0,75.34729999999999,3,3,2.0,2,5.0,4.344818081587651,6700000.0
South-West,29974.0,1937.502,6,6,3.0,2,5.0,5.0,58000000.0
North,24691.0,2432.6414,4,5,3.0,2,5.0,4.0,60000000.0
North-East,2778.0,27900.0288,9,9,3.0,3,1.0,4.0,62500000.0
North-East,46906.0,1506.946,18,18,3.0,4,5.0,4.25,70500000.0
South,25000.0,1797.5712999999998,16,16,3.0,4,5.0,4.25,45000000.0
East,23699.0,1560.7655,4,4,2.0,2,10.0,4.75,36900000.0
West,25960.0,957.9871,7,7,3.0,4,5.0,5.0,25000000.0
South-West,28424.0,1937.502,1,1,2.4936708860759493,1,15.0,5.0,55000000.0
West,33333.0,4499.3102,4,4,2.0,2,10.0,5.0,150000000.0
North-East,4490.0,2163.5439,3,3,1.0,2,10.0,5.0,69500000.0
North-East,14729.0,3875.004,5,5,2.0,2,15.0,4.75,57000000.0
East,25111.0,4499.3102,7,5,3.0,4,5.0,4.0,113000000.0
North-East,25000.0,4499.3102,7,5,3.0,4,5.0,4.0,112500000.0
North-East,7309.0,5500.3529,4,4,3.0,3,5.0,4.25,40199999.99999999
East,10556.0,5403.4778,4,4,3.0,4,5.0,4.0,57000000.0
North,74074.0,139.9307,9,7,3.0,3,10.0,4.0,10000000.0
East,12000.0,548.9589,3,1,1.0,3,5.0,4.0,6600000.0
North-East,10233.0,688.8896,3,2,1.0,2,1.0,4.25,7000000.0
Missing,26852.0,538.1949999999999,3,3,1.0,0,15.0,4.5,14500000.0
East,8878.0,1065.6261,4,3,2.0,1,15.0,3.75,9500000.0
Missing,14286.0,3153.8227,9,9,3.0,3,5.0,4.0,45000000.0
Missing,8928.0,1011.8066,3,1,2.4936708860759493,1,7.970650953984288,4.0,9000000.0
North-East,8007.0,559.7228,3,2,1.0,1,15.0,4.344818081587651,4500000.0
North-East,11111.0,904.1676,4,3,3.0,4,5.0,4.344818081587651,10000000.0
North,5698.0,1054.8622,5,4,3.0,2,5.0,4.344818081587651,6000000.0
South-West,28283.0,2475.697,7,7,3.0,3,10.0,5.0,70000000.0
North-West,24214.0,1625.3489,19,17,3.0,4,5.0,4.5,39300000.0
Missing,26613.0,1506.946,4,4,3.0,2,5.0,4.5,40000000.0
Missing,138888.0,53.8195,2,1,2.4936708860759493,1,15.0,4.344818081587651,7500000.0
North-East,10000.0,904.1676,6,4,3.0,3,15.0,4.0,9000000.0
North-East,7666.0,3003.1281,7,7,3.0,3,10.0,4.5,27500000.0
South-West,7407.0,678.1256999999999,5,4,3.0,3,5.0,4.344818081587651,5000000.0
East,8333.0,602.7783999999999,3,3,2.0,2,10.0,4.5,5000000.0
Missing,4666.0,904.1676,2,2,1.0,1,5.0,4.344818081587651,4200000.0
Missing,13333.0,452.0838,3,3,2.4936708860759493,3,7.970650953984288,4.0,6000000.0
South-East,60000.0,75.34729999999999,2,2,2.4936708860759493,2,5.0,4.344818081587651,4800000.0
Missing,11111.0,452.0838,5,3,3.0,3,10.0,3.75,5000000.0
East,7778.0,495.1394,2,2,1.0,2,7.970650953984288,3.75,3500000.0
Missing,40775.0,979.5149,4,3,2.0,2,5.0,5.0,40000000.0
Missing,99173.0,236.8058,8,4,2.0,2,15.0,4.344818081587651,24000000.0
South,12222.0,1797.5712999999998,4,3,2.0,1,15.0,4.25,22000000.0
Missing,6172.0,1786.8074,8,8,2.4936708860759493,1,1.0,3.75,11000000.0
North-East,22222.0,3595.1426,4,5,3.0,1,15.0,4.0,80000000.0
North,9111.0,904.1676,4,3,3.0,2,10.0,4.25,8200000.0
Missing,80357.0,107.639,3,3,2.4936708860759493,2,7.970650953984288,4.25,9000000.0
Missing,4117.0,1700.6962,4,4,1.0,2,10.0,4.0,7000000.0
Missing,7308.0,1302.4319,5,3,2.4936708860759493,1,7.970650953984288,4.25,9500000.0
East,8701.0,1496.1821,4,4,2.0,1,15.0,4.344818081587651,13000000.0
Missing,8000.0,452.0838,1,1,2.4936708860759493,1,7.970650953984288,4.344818081587651,3600000.0
Missing,25926.0,1345.4875,6,6,3.0,3,5.0,4.5,35000000.0
Missing,6666.0,1194.7929,8,8,2.0,1,5.0,4.0,8000000.0
Missing,2296.0,678.1256999999999,2,1,2.4936708860759493,1,15.0,4.344818081587651,1550000.0
Missing,8888.0,904.1676,9,5,3.0,3,15.0,4.344818081587651,8000000.0
Missing,33333.0,1797.5712999999998,8,5,3.0,3,15.0,5.0,60000000.0
Missing,12444.0,2249.6551,10,7,3.0,1,15.0,4.75,28000000.0
Missing,9793.0,2809.3779,4,4,3.0,3,5.0,4.0,27500000.0
Missing,6250.0,2798.614,4,4,2.4936708860759493,14,7.970650953984288,4.344818081587651,17500000.0
Missing,8486.0,3648.9621,5,5,3.0,21,5.0,4.25,31000000.0
North-East,11717.0,990.2788,5,4,2.0,1,7.970650953984288,4.0,11600000.0
Missing,7589.0,1119.4456,3,2,2.0,1,-1.21,4.25,8500000.0
Missing,13333.0,678.1256999999999,4,4,2.4936708860759493,2,7.970650953984288,4.0,9000000.0
West,12592.0,269.0975,2,2,2.0,3,10.0,4.0,3400000.0
South,15384.0,3250.6978,6,6,2.0,1,7.970650953984288,4.75,50000000.0
North-East,7843.0,462.8477,2,2,1.0,1,10.0,4.344818081587651,3600000.0
South,22222.0,2249.6551,3,3,3.0,1,10.0,4.5,50000000.0
East,23333.0,4499.3102,5,7,3.0,2,-1.71,3.75,95000000.0
North-East,29336.0,2723.2667,8,8,3.0,0,10.0,4.5,72500000.0
Missing,10288.0,1453.1265,3,3,2.4936708860759493,0,15.0,4.25,15000000.0
Missing,11284.0,1151.7373,3,2,1.0,3,5.0,4.344818081587651,13000000.0
Missing,11029.0,3401.3924,5,5,3.0,3,7.970650953984288,4.25,37500000.0
East,10277.0,355.2087,4,3,2.0,3,5.0,4.0,3700000.0
East,6944.0,3239.9339,10,10,2.0,1,7.970650953984288,4.0,22500000.0
North-East,8518.0,1345.4875,5,3,2.0,2,15.0,4.0,11500000.0
South-East,10555.0,904.1676,3,2,2.0,3,15.0,4.344818081587651,9500000.0
East,11250.0,355.2087,6,3,2.0,3,10.0,4.25,4900000.0
East,557.0,25994.8185,4,4,2.0,2,10.0,4.344818081587651,14500000.0
Missing,8888.0,904.1676,2,2,1.0,1,15.0,4.25,8000000.0
Missing,11852.0,1345.4875,5,5,2.0,3,5.0,4.25,16000000.0
North,8947.0,947.2232,6,6,2.0,2,5.0,4.344818081587651,8500000.0
North-East,39265.0,1786.8074,5,5,2.0,3,5.0,5.0,70000000.0
Missing,6083.0,818.0563999999999,3,2,1.0,1,7.970650953984288,4.75,5000000.0
North,230547.0,344.4448,10,10,3.0,1,7.970650953984288,4.25,80000000.0
Missing,8411.0,538.1949999999999,3,2,1.0,1,7.970650953984288,4.25,4500000.0
Missing,32291.0,193.7502,6,6,2.4936708860759493,3,7.970650953984288,4.0,6200000.0
Missing,41666.0,236.8058,6,4,2.4936708860759493,3,7.970650953984288,4.0,10000000.0
Missing,8889.0,4639.2409,2,1,3.0,0,10.0,4.344818081587651,41200000.0
Missing,7280.0,1302.4319,7,6,3.0,3,15.0,3.5,9500000.0
Missing,90000.0,53.8195,5,3,2.4936708860759493,1,7.970650953984288,4.0,4500000.0
Missing,10089.0,441.3199,5,3,2.0,3,15.0,4.25,4500000.0
Missing,8697.0,2152.78,3,4,2.4936708860759493,12,7.970650953984288,4.0,18700000.0
Missing,8500.0,1001.0427,1,1,2.4936708860759493,1,7.970650953984288,3.75,8500000.0
Missing,9333.0,452.0838,5,3,2.0,2,7.970650953984288,4.344818081587651,4200000.0
East,8235.0,559.7228,3,3,2.4936708860759493,2,1.0,4.0,4200000.0
South-West,13333.0,904.1676,7,4,1.0,2,10.0,4.0,12000000.0
Missing,21667.0,3003.1281,5,6,2.4936708860759493,1,7.970650953984288,4.75,65000000.0
Missing,20425.0,1840.6269,4,4,3.0,3,15.0,4.344818081587651,37500000.0
Missing,5472.0,4004.1708,3,2,1.0,0,15.0,4.344818081587651,25000000.0
East,6944.0,3239.9339,36,36,2.0,3,10.0,3.75,22500000.0
Missing,57692.0,129.1668,2,2,2.4936708860759493,1,7.970650953984288,3.75,7500000.0
South,60000.0,53.8195,6,3,3.0,3,10.0,4.344818081587651,3000000.0
East,27612.619900497517,2701.7389,6,4,2.0,2,10.0,4.25,49284510.43841336
East,3857.0,3498.2675,5,3,3.0,3,7.970650953984288,3.75,13500000.0
North,21759.0,2163.5439,3,3,2.0,2,15.0,4.0,47000000.0
East,8333.0,721.1813,4,2,1.0,0,15.0,4.344818081587651,6000000.0
Missing,7407.0,301.3892,2,2,2.0,1,7.970650953984288,4.75,2200000.0
Missing,75000.0,215.278,9,9,2.4936708860759493,1,1.0,3.25,16500000.0
Missing,10482.0,473.6116,5,3,2.4936708860759493,1,7.970650953984288,4.25,5000000.0
Missing,25386.0,904.1676,6,6,2.4936708860759493,0,15.0,4.0,23000000.0
Missing,8735.0,1431.5987,10,6,3.0,3,15.0,4.344818081587651,12500000.0
Missing,9444.0,1797.5712999999998,1,1,2.0,1,7.970650953984288,3.75,17000000.0
Missing,27612.619900497517,796.5286,2,1,2.4936708860759493,1,7.970650953984288,4.25,49284510.43841336
Missing,27612.619900497517,1001.0427,3,2,1.0,2,7.970650953984288,4.0,49284510.43841336
Missing,20000.0,2992.3642,4,4,1.0,2,5.0,4.75,60000000.0
Missing,18667.0,1496.1821,4,4,2.4936708860759493,2,7.970650953984288,4.25,28000000.0
Missing,18889.0,1646.8767,4,2,1.0,1,15.0,4.344818081587651,31200000.0
Missing,2525.0,301.3892,1,1,2.4936708860759493,1,5.0,4.25,750000.0
East,24306.0,1442.3626,3,3,2.0,1,5.0,4.25,35000000.0
Missing,17695.0,1302.4319,4,2,2.0,2,7.970650953984288,4.5,25800000.0
Missing,21519.0,3950.3513,4,4,3.0,27,7.970650953984288,4.344818081587651,85000000.0
Missing,17817.0,2249.6551,7,7,3.0,4,1.0,4.344818081587651,40000000.0
South,2.0,8711988.5069,4,3,3.0,3,10.0,4.5,14500000.0
Missing,6173.0,968.751,8,3,2.0,3,15.0,4.25,6000000.0
North-East,55000.0,204.5141,4,3,1.0,2,15.0,4.344818081587651,11000000.0
Missing,27612.619900497517,5478.8251,4,4,2.4936708860759493,0,0.0,3.75,49284510.43841336
South-East,13888.0,1797.5712999999998,9,5,2.0,1,15.0,4.0,25000000.0
East,20323.0,1722.224,3,2,2.0,1,10.0,4.25,35000000.0
North,20359.0,1453.1265,2,2,2.0,1,10.0,4.5,29500000.0
Missing,27612.619900497517,3702.7816,4,4,2.4936708860759493,0,0.0,4.344818081587651,49284510.43841336
Missing,27612.619900497517,7502.4383,4,4,2.4936708860759493,0,0.0,3.5,49284510.43841336
Missing,5833.0,1194.7929,3,2,2.0,1,7.970650953984288,4.0,7000000.0
North-East,11693.0,990.2788,5,4,2.0,3,10.0,4.0,11600000.0
East,26667.0,5995.4923,6,5,2.0,3,5.0,5.0,160000000.0
North,53125.0,1603.8211,12,12,3.0,4,1.0,4.75,85000000.0
Missing,17900.0,5005.2135,5,6,3.0,4,10.0,4.5,89500000.0
Missing,27612.619900497517,3799.6567,4,4,2.4936708860759493,0,0.0,3.75,49284510.43841336
North,39886.0,3509.0314,9,9,3.0,4,10.0,4.0,140000000.0
Missing,126865.0,64.5834,5,2,2.0,1,15.0,4.0,8500000.0
Missing,40909.0,333.6809,4,5,2.4936708860759493,3,7.970650953984288,4.0,13500000.0
Missing,27155.0,4865.2828,6,6,2.4936708860759493,2,7.970650953984288,5.0,132000000.0
North-West,14492.0,4144.1015,9,9,3.0,3,15.0,4.5,60000000.0
North,27612.619900497517,1797.5712999999998,5,8,3.0,2,7.970650953984288,4.25,49284510.43841336
Missing,27612.619900497517,2400.3497,3,4,2.0,2,7.970650953984288,4.25,49284510.43841336
Missing,13622.0,5812.505999999999,4,4,2.4936708860759493,0,0.0,4.0,49284510.43841336
Missing,14045.0,3907.2957,4,4,2.4936708860759493,0,0.0,4.0,49284510.43841336
Missing,10783.0,5037.5052,4,4,2.4936708860759493,0,0.0,4.0,49284510.43841336
Missing,10804.0,3143.0588,4,4,2.4936708860759493,0,0.0,4.0,49284510.43841336
Missing,10783.0,3153.8227,4,4,2.4936708860759493,0,0.0,4.0,49284510.43841336
Missing,14167.0,355.2087,4,4,3.0,4,1.0,4.25,5100000.0
North,11111.0,990.2788,6,4,1.0,2,7.970650953984288,4.25,11000000.0
Missing,27612.619900497517,1001.0427,2,2,1.0,1,10.0,4.25,49284510.43841336
Missing,13157.0,1905.2103,5,5,3.0,2,5.0,4.0,25000000.0
Missing,5888.0,904.1676,2,2,2.4936708860759493,1,7.970650953984288,4.0,5300000.0
Missing,11111.0,1797.5712999999998,2,2,1.0,2,5.0,4.75,20000000.0
South-East,7875.0,796.5286,4,2,1.0,2,15.0,4.344818081587651,6300000.0
Missing,9654.0,365.9726,10,10,3.0,4,5.0,4.5,80000000.0
Missing,4808.0,936.4593,1,1,2.4936708860759493,1,7.970650953984288,4.0,4500000.0
Missing,8222.0,452.0838,2,2,1.0,1,10.0,3.75,3700000.0
Missing,11111.0,1550.0016,6,3,1.0,2,15.0,4.75,17200000.0
Missing,3857.0,3498.2675,10,6,3.0,3,15.0,4.0,13500000.0
Missing,50000.0,96.8751,2,2,2.4936708860759493,1,7.970650953984288,4.0,5000000.0
Missing,11273.0,548.9589,3,1,2.4936708860759493,2,7.970650953984288,4.25,6200000.0
Missing,8000.0,9999.6631,3,9,2.0,3,1.0,5.0,80000000.0
Missing,7627.0,2357.2941,4,5,2.4936708860759493,13,7.970650953984288,4.0,18000000.0
North-East,5666.0,3003.1281,4,4,3.0,1,7.970650953984288,4.0,17000000.0
Missing,5000.0,1097.9178,2,1,2.4936708860759493,1,7.970650953984288,3.75,5500000.0
Missing,5000.0,3003.1281,6,1,2.4936708860759493,1,1.0,3.75,15000000.0
Missing,6567.0,2357.2941,3,2,2.4936708860759493,1,7.970650953984288,4.0,15500000.0
Missing,22068.0,139.9307,2,2,2.4936708860759493,3,7.970650953984288,3.5,3200000.0
Missing,13333.0,355.2087,4,4,2.4936708860759493,0,0.0,4.344818081587651,49284510.43841336
Missing,6666.0,527.4311,4,4,2.4936708860759493,0,0.0,4.344818081587651,49284510.43841336
Missing,66666.0,75.34729999999999,4,4,2.4936708860759493,0,0.0,4.344818081587651,49284510.43841336
Missing,7500.0,4004.1708,4,4,2.4936708860759493,0,0.0,4.344818081587651,49284510.43841336
Missing,8386.0,2507.9887,4,3,2.4936708860759493,2,7.970650953984288,4.344818081587651,21000000.0
Missing,12444.0,4499.3102,34,34,3.0,4,1.0,4.344818081587651,56000000.0
Missing,25000.0,1001.0427,4,4,2.4936708860759493,0,0.0,4.344818081587651,49284510.43841336
Missing,6944.0,1797.5712999999998,4,4,2.4936708860759493,0,0.0,4.344818081587651,49284510.43841336
Missing,27612.619900497517,2163.5439,4,4,2.4936708860759493,0,0.0,4.344818081587651,49284510.43841336
Missing,11111.0,581.2506,4,2,2.0,0,10.0,4.25,6500000.0
Missing,28674.0,559.7228,4,6,1.0,3,5.0,4.25,16000000.0
North-East,9725.0,807.2925,4,4,2.4936708860759493,3,7.970650953984288,4.344818081587651,7800000.0
Missing,21111.0,452.0838,2,1,1.0,3,1.0,4.0,9500000.0
Missing,7500.0,5145.1442,5,6,3.0,6,7.970650953984288,5.0,38500000.0
Missing,10784.0,613.5423,3,2,1.0,2,15.0,4.0,6600000.0
North,12162.0,365.9726,4,4,2.0,4,10.0,3.75,4500000.0
Missing,8910.0,957.9871,1,2,2.4936708860759493,1,5.0,4.344818081587651,8500000.0
South-West,10518.0,1420.8348,2,2,2.0,3,15.0,4.5,15000000.0
South-East,19869.0,764.2369,2,2,1.0,1,15.0,4.5,15200000.0
North,8796.0,1076.39,3,2,2.0,1,15.0,4.0,10000000.0
Missing,9722.0,1076.39,3,2,2.4936708860759493,1,7.970650953984288,4.344818081587651,10500000.0
Missing,7522.0,1130.2095,3,3,2.4936708860759493,1,7.970650953984288,4.25,8500000.0
East,5658.0,1022.5705,4,2,1.0,2,15.0,4.5,5800000.0
Missing,5000.0,904.1676,3,2,2.4936708860759493,1,7.970650953984288,4.0,4500000.0
South-East,24545.0,548.9589,5,3,2.0,3,15.0,4.344818081587651,13500000.0
North-East,7701.0,904.1676,2,2,2.4936708860759493,1,10.0,3.25,7000000.0
Missing,8235.0,1700.6962,2,2,1.0,3,5.0,4.344818081587651,14000000.0
Missing,14072.0,3659.726,5,5,2.4936708860759493,1,5.0,4.25,51500000.0
Missing,26000.0,2497.2248,5,5,2.4936708860759493,4,10.0,4.5,65000000.0
East,24305.0,1442.3626,6,5,3.0,3,15.0,5.0,35000000.0
East,19286.0,6996.535,9,9,2.4936708860759493,1,5.0,5.0,135000000.0
North-East,22634.0,2432.6414,9,9,3.0,3,10.0,4.75,57000000.0
Missing,26570.0,1237.8485,1,1,2.4936708860759493,0,7.970650953984288,5.0,33000000.0
Missing,11111.0,1571.5294,4,2,2.0,2,15.0,4.0,17500000.0
West,6410.0,1173.2650999999998,4,2,2.0,2,15.0,4.0,7500000.0
South-East,133079.0,258.3336,8,8,3.0,3,5.0,3.75,35000000.0
Missing,15257.0,602.7783999999999,4,1,2.4936708860759493,1,7.970650953984288,4.0,9200000.0
Missing,27612.619900497517,6296.8815,7,6,3.0,4,10.0,4.0,49284510.43841336
Missing,5778.0,904.1676,3,2,2.0,2,1.0,4.0,5200000.0
West,6111.0,1797.5712999999998,8,4,3.0,2,15.0,4.25,11000000.0
Missing,15625.0,484.3755,4,4,2.0,1,7.970650953984288,4.25,7500000.0
Missing,78125.0,161.4585,2,3,2.4936708860759493,1,7.970650953984288,4.25,12500000.0
North-East,17955.0,2368.058,4,3,2.0,1,7.970650953984288,4.75,42500000.0
Missing,7916.0,484.3755,1,1,1.0,1,5.0,4.25,3700000.0
Missing,211111.0,269.0975,4,4,2.4936708860759493,1,7.970650953984288,4.25,57000000.0
South,80000.0,96.8751,13,6,3.0,3,10.0,3.75,8000000.0
Missing,35000.0,602.7783999999999,3,2,1.0,3,1.0,4.25,21000000.0
East,10000.0,1097.9178,5,4,2.0,1,7.970650953984288,3.75,11000000.0
North,120000.0,53.8195,5,3,2.0,3,10.0,4.0,6000000.0
West,22297.0,538.1949999999999,4,4,3.0,4,15.0,4.344818081587651,12000000.0
Missing,125000.0,355.2087,4,4,2.4936708860759493,4,7.970650953984288,4.75,45000000.0
Missing,8889.0,904.1676,4,4,2.4936708860759493,2,15.0,4.0,8000000.0
Missing,73333.0,150.69459999999998,2,2,1.0,0,15.0,4.344818081587651,11000000.0
Missing,27612.619900497517,7330.2159,5,1,2.4936708860759493,1,15.0,4.0,49284510.43841336
Missing,11111.0,2701.7389,4,4,2.4936708860759493,1,7.970650953984288,3.5,30000000.0
North,26235.0,3239.9339,4,6,3.0,3,15.0,4.25,85000000.0
Missing,6790.0,1625.3489,5,3,1.0,2,15.0,4.344818081587651,11000000.0
Missing,20833.0,355.2087,7,4,3.0,4,10.0,4.5,7500000.0
North-East,315789.0,193.7502,9,6,2.0,2,15.0,4.0,60000000.0
Missing,10224.0,807.2925,4,4,2.4936708860759493,2,7.970650953984288,4.25,8200000.0
Missing,3500.0,1001.0427,1,4,1.0,1,10.0,4.5,3500000.0
Missing,3285.0,3498.2675,3,2,1.0,1,7.970650953984288,4.0,11500000.0
Missing,74000.0,247.5697,3,3,3.0,1,7.970650953984288,4.0,18500000.0
East,27139.0,3132.2949,6,6,3.0,3,-1.0,4.25,85000000.0
West,10000.0,904.1676,4,5,3.0,3,1.0,4.344818081587651,9000000.0
Missing,5555.0,904.1676,2,1,2.0,1,15.0,4.344818081587651,5000000.0
Missing,27612.619900497517,430.556,3,3,3.0,4,7.970650953984288,5.0,49284510.43841336
North,23662.0,2432.6414,4,4,2.0,4,-0.87,5.0,57500000.0
Missing,17574.0,2647.9194,5,5,3.0,1,10.0,4.5,46500000.0
Missing,13333.0,4682.2965,4,4,3.0,4,15.0,4.344818081587651,72000000.0
Missing,10753.0,559.7228,3,3,1.0,2,5.0,4.75,6000000.0
East,9091.0,4951.394,4,5,2.0,2,15.0,4.0,45000000.0
South-West,23557.0,505.9033,5,2,1.0,3,15.0,4.344818081587651,13000000.0
West,59259.0,538.1949999999999,14,14,3.0,6,5.0,4.5,32000000.0
Missing,105263.0,53.8195,3,3,1.0,2,15.0,4.25,6000000.0
Missing,21195.0,914.9315,3,5,3.0,2,10.0,4.0,19500000.0
South-East,151.0,82795.9188,10,6,2.0,3,15.0,4.0,12500000.0
Missing,25103.0,2432.6414,5,6,3.0,2,10.0,4.0,61000000.0
Missing,13889.0,355.2087,5,3,3.0,3,15.0,4.0,5000000.0
North,14954.0,1334.7236,3,1,2.4936708860759493,3,10.0,3.75,20000000.0
South-East,23333.0,904.1676,8,8,3.0,4,10.0,4.5,21000000.0
Missing,8784.0,1420.8348,3,3,2.0,1,-1.21,4.0,12500000.0
Missing,6500.0,1001.0427,6,2,3.0,1,7.970650953984288,4.0,6500000.0
North-West,35494.0,3239.9339,5,6,2.4936708860759493,1,7.970650953984288,5.0,115000000.0
North-West,11464.0,785.7647,5,4,3.0,3,10.0,4.0,9000000.0
Missing,11718.0,635.0701,5,4,3.0,2,10.0,4.25,7500000.0
North,11555.0,1130.2095,3,3,1.0,2,10.0,4.0,13000000.0
North-East,50000.0,75.34729999999999,2,2,1.0,1,1.0,3.75,4800000.0
Missing,3874.0,1754.5157,5,3,2.4936708860759493,1,7.970650953984288,4.0,6800000.0
Missing,7576.0,1980.5576,7,2,2.4936708860759493,1,7.970650953984288,4.0,15000000.0
East,11556.0,1130.2095,3,3,1.0,1,7.970650953984288,4.0,13000000.0
North-East,10753.0,559.7228,2,2,1.0,1,10.0,4.75,6000000.0
Missing,20635.0,3153.8227,4,4,3.0,2,10.0,4.5,65000000.0
Missing,10378.0,527.4311,2,1,2.4936708860759493,1,15.0,4.5,4900000.0
Missing,11888.0,904.1676,2,2,1.0,1,15.0,4.0,10700000.0
Missing,17284.0,1216.3207,6,6,3.0,3,5.0,4.25,21000000.0
East,32258.0,1420.8348,2,2,2.0,2,7.970650953984288,4.75,46000000.0
Missing,11111.0,904.1676,3,4,2.0,2,5.0,3.75,10000000.0
South-West,12222.0,904.1676,6,4,1.0,1,7.970650953984288,4.0,11000000.0
North,16389.0,1797.5712999999998,4,3,2.0,3,1.0,4.0,29500000.0
East,31506.0,1463.8904,6,4,3.0,3,15.0,4.75,46000000.0
South-East,9722.0,355.2087,2,2,1.0,2,15.0,4.344818081587651,3500000.0
East,12820.0,1173.2650999999998,12,9,1.0,3,5.0,4.25,15000000.0
West,229885.0,430.556,8,10,3.0,1,7.970650953984288,4.5,100000000.0
Missing,10000.0,5198.9637,4,5,2.0,1,7.970650953984288,4.75,52000000.0
Missing,8889.0,452.0838,1,1,2.4936708860759493,1,10.0,4.25,4000000.0
Missing,12400.0,495.1394,3,3,1.0,2,10.0,3.75,6200000.0
West,9259.0,538.1949999999999,5,3,2.0,3,15.0,4.344818081587651,5000000.0
Missing,232.0,215966.8896,6,5,3.0,2,1.0,4.75,50000000.0
East,15257.0,602.7783999999999,4,4,3.0,4,10.0,4.344818081587651,9200000.0
North-West,218750.0,161.4585,6,6,3.0,3,7.970650953984288,5.0,35000000.0
Missing,54794.0,150.69459999999998,5,4,3.0,3,7.970650953984288,4.25,8000000.0
North,14245.0,1054.8622,2,3,2.0,1,1.0,4.25,15000000.0
South,6367.0,3530.5592,3,5,3.0,10,7.970650953984288,4.0,22500000.0
North-East,37313.0,3616.6704,5,6,3.0,4,15.0,5.0,135000000.0
Missing,90909.0,53.8195,12,4,3.0,4,15.0,4.0,5000000.0
Missing,9444.0,1797.5712999999998,1,1,1.0,1,15.0,3.75,17000000.0
North-West,5000.0,904.1676,3,2,1.0,2,15.0,4.0,4500000.0
Missing,27612.619900497517,6027.784,5,3,2.0,3,10.0,4.25,49284510.43841336
North-West,10122.0,1184.029,6,2,1.0,2,15.0,4.0,12000000.0
North-East,10000.0,1797.5712999999998,4,3,1.0,1,15.0,4.0,18000000.0
Missing,8642.0,1625.3489,5,3,2.0,2,1.0,4.0,15000000.0
North-East,6481.0,602.7783999999999,2,2,2.4936708860759493,1,1.0,4.0,3500000.0
South-East,6707.0,818.0563999999999,2,2,1.0,2,10.0,4.25,5500000.0
North-West,245398.0,161.4585,13,13,3.0,5,5.0,4.25,43000000.0
Missing,9259.0,430.556,1,1,1.0,1,10.0,4.25,4000000.0
North,27612.619900497517,12001.7485,4,4,3.0,4,10.0,4.344818081587651,49284510.43841336
North-East,11904.0,2518.7526,4,4,2.4936708860759493,3,7.970650953984288,4.0,30000000.0
Missing,9135.0,462.8477,3,3,3.0,2,5.0,4.0,4275000.0
Missing,27612.619900497517,452.0838,2,2,1.0,2,7.970650953984288,3.25,49284510.43841336
North-East,7111.0,452.0838,2,3,1.0,1,5.0,4.25,3200000.0
East,8012.0,624.3062,2,1,1.0,1,10.0,4.344818081587651,4700000.0
South,183333.0,301.3892,9,9,3.0,3,10.0,4.5,55000000.0
South-East,12500.0,602.7783999999999,3,5,3.0,3,10.0,4.0,7500000.0
Missing,10142.0,699.6535,4,2,1.0,2,1.0,3.5,7100000.0
Missing,8444.0,452.0838,2,2,1.0,1,10.0,4.344818081587651,3800000.0
Missing,8125.0,4004.1708,4,3,3.0,20,-0.7,4.0,32500000.0
East,14583.0,355.2087,4,4,2.0,3,5.0,4.0,5250000.0
North-East,17037.0,1345.4875,5,3,3.0,3,15.0,4.0,23000000.0
East,11538.0,1302.4319,10,7,3.0,4,10.0,4.0,15000000.0
Missing,8730.0,1259.3763,9,3,3.0,3,15.0,3.5,11000000.0
Missing,12222.0,1345.4875,5,5,1.0,3,15.0,3.75,13500000.0
North-East,14444.0,904.1676,6,4,2.0,3,10.0,5.0,13000000.0
South,11574.0,1076.39,5,5,1.0,2,1.0,4.5,12500000.0
South,27612.619900497517,452.0838,7,2,2.0,2,15.0,3.25,49284510.43841336
Missing,26667.0,538.1949999999999,4,2,2.0,1,15.0,4.5,14400000.0
West,11111.0,452.0838,2,2,2.0,2,1.0,4.25,5000000.0
North,8230.0,1216.3207,9,7,3.0,3,10.0,4.0,10000000.0
South,13095.0,4197.921,9,9,3.0,3,10.0,4.5,55000000.0
North,30556.0,1797.5712999999998,4,3,3.0,2,15.0,4.5,55000000.0
Missing,11852.0,678.1256999999999,5,3,1.0,2,10.0,4.25,8000000.0
Missing,10000.0,904.1676,7,4,3.0,4,10.0,4.25,9000000.0
Missing,29311.0,1463.8904,6,4,2.0,2,10.0,4.75,43000000.0
Missing,11250.0,796.5286,5,5,3.0,3,5.0,4.25,9000000.0
Missing,30384.0,1065.6261,4,4,3.0,3,15.0,4.5,32500000.0
North-West,8444.0,452.0838,1,1,1.0,1,10.0,4.344818081587651,3800000.0
Missing,19818.0,1872.9186,3,3,1.0,4,10.0,3.75,37100000.0
Missing,1992.0,65250.7618,10,10,3.0,1,7.970650953984288,4.75,130000000.0
Missing,7619.0,527.4311,2,2,1.0,1,5.0,4.0,4000000.0
Missing,98214.0,53.8195,4,4,2.4936708860759493,2,7.970650953984288,4.0,5500000.0
Missing,13499.0,957.9871,5,3,2.0,3,15.0,4.0,13000000.0
Missing,7820.0,957.9871,2,2,3.0,1,7.970650953984288,4.0,7500000.0
Missing,5555.0,538.1949999999999,1,1,2.0,1,1.0,4.344818081587651,3000000.0
East,4000.0,452.0838,2,1,1.0,1,5.0,4.344818081587651,1800000.0
North,14720.0,1054.8622,2,3,2.0,1,0.25,4.25,15500000.0
Missing,5664.0,559.7228,5,1,2.4936708860759493,1,7.970650953984288,3.5,3200000.0
North-East,19753.0,2023.6132,5,4,1.0,2,7.970650953984288,4.25,40000000.0
Missing,76000.0,53.8195,2,2,2.0,1,7.970650953984288,4.0,3800000.0
East,37037.0,3239.9339,5,6,3.0,3,7.970650953984288,5.0,120000000.0
Missing,63492.0,1259.3763,2,1,2.4936708860759493,1,7.970650953984288,4.75,80000000.0
East,9000.0,495.1394,1,1,1.0,3,7.970650953984288,4.25,4500000.0
Missing,4444.0,2701.7389,7,3,2.4936708860759493,3,7.970650953984288,4.25,12000000.0
East,2500.0,1603.8211,4,2,2.0,1,7.970650953984288,4.25,4000000.0
Missing,6667.0,1496.1821,1,1,2.4936708860759493,1,7.970650953984288,3.75,10000000.0
Missing,3704.0,1345.4875,5,2,2.4936708860759493,2,7.970650953984288,4.344818081587651,5000000.0
North,12777.0,904.1676,2,2,3.0,4,7.970650953984288,4.344818081587651,11500000.0
Missing,6648.0,1054.8622,3,3,2.4936708860759493,1,7.970650953984288,4.25,7000000.0
Missing,11407.0,2701.7389,6,4,2.0,1,7.970650953984288,4.25,30800000.0
North,20233.0,1453.1265,2,2,2.4936708860759493,1,7.970650953984288,4.5,29500000.0
Missing,17778.0,4499.3102,6,5,3.0,4,7.970650953984288,3.75,80000000.0
Missing,20062.0,3239.9339,4,3,2.4936708860759493,2,7.970650953984288,4.0,65000000.0
Missing,11494.0,2604.8638,7,7,2.4936708860759493,3,7.970650953984288,4.0,30000000.0
East,25543.0,3132.2949,6,5,3.0,4,7.970650953984288,4.5,80000000.0
Missing,12343.0,2228.1273,6,6,2.0,2,7.970650953984288,3.75,27500000.0
Missing,16892.0,1334.7236,5,3,2.4936708860759493,2,7.970650953984288,4.0,22500000.0
North,8000.0,1797.5712999999998,3,2,1.0,1,5.0,4.0,14500000.0
North-East,17500.0,2195.8356,3,3,1.0,2,7.970650953984288,4.344818081587651,35000000.0
North,3904.0,2098.9605,3,2,1.0,1,7.970650953984288,4.344818081587651,8200000.0
East,14323.0,7330.2159,5,4,3.0,1,7.970650953984288,4.0,105000000.0
Missing,4222.0,904.1676,3,3,3.0,3,5.0,4.0,3800000.0
North-East,181818.0,548.9589,5,6,3.0,4,1.0,3.75,100000000.0
Missing,75000.0,96.8751,2,3,2.0,3,15.0,4.344818081587651,7500000.0
Missing,26620.0,1732.9879,7,6,3.0,4,10.0,4.75,46000000.0
Missing,5555.0,904.1676,2,1,2.0,1,10.0,4.344818081587651,5000000.0
South-East,10000.0,355.2087,10,11,3.0,4,5.0,4.25,70000000.0
Missing,9722.0,355.2087,2,1,2.4936708860759493,0,15.0,4.0,3500000.0
West,9500.0,1001.0427,5,3,2.0,2,5.0,4.344818081587651,9500000.0
Missing,17937.0,893.4037,1,1,2.0,2,15.0,4.25,16000000.0
West,3254.0,893.4037,2,1,2.4936708860759493,0,15.0,3.5,2900000.0
North,5333.0,452.0838,2,2,2.4936708860759493,2,5.0,4.0,2400000.0
South-West,30556.0,1797.5712999999998,4,3,3.0,3,10.0,4.344818081587651,56000000.0
North-East,4583.0,1194.7929,2,2,2.4936708860759493,2,7.970650953984288,4.344818081587651,5500000.0
Missing,12500.0,4004.1708,6,4,2.4936708860759493,3,7.970650953984288,4.75,50000000.0
North-East,21875.0,904.1676,1,1,2.0,3,5.0,4.25,18000000.0
Missing,27612.619900497517,581.2506,5,2,2.4936708860759493,2,7.970650953984288,3.5,49284510.43841336
Missing,16667.0,904.1676,9,3,3.0,3,7.970650953984288,4.344818081587651,15000000.0
South-East,7075.0,1485.4181999999998,3,3,3.0,3,7.970650953984288,4.344818081587651,10500000.0
South,8078.0,2228.1273,8,5,2.0,1,7.970650953984288,4.25,18000000.0
Missing,4251.0,1033.3344,3,2,1.0,1,5.0,4.0,4400000.0
East,17584.0,473.6116,5,3,2.0,3,7.970650953984288,4.0,8300000.0
North-East,5397.0,1302.4319,2,2,2.0,14,7.970650953984288,4.0,7000000.0
South,9074.0,1076.39,9,4,3.0,1,7.970650953984288,4.0,9800000.0
South,5583.0,5995.4923,6,5,3.0,3,7.970650953984288,4.25,33500000.0
Missing,3519.0,1345.4875,3,4,2.4936708860759493,3,7.970650953984288,4.25,4750000.0
Missing,11194.0,1076.39,5,4,2.0,3,7.970650953984288,4.0,12000000.0
Missing,100000.0,904.1676,10,5,3.0,4,15.0,4.0,90000000.0
East,6981.0,3648.9621,5,5,3.0,14,5.0,4.25,30900000.0
East,6702.0,4703.8243,4,5,2.4936708860759493,12,7.970650953984288,4.0,31500000.0
Missing,9444.0,1797.5712999999998,3,3,2.4936708860759493,1,7.970650953984288,3.75,17000000.0
Missing,10556.0,4499.3102,6,7,2.4936708860759493,4,7.970650953984288,4.344818081587651,47500000.0
Missing,18333.0,904.1676,2,3,2.4936708860759493,3,7.970650953984288,4.0,16500000.0
Missing,4877.0,1743.7518,4,4,3.0,4,7.970650953984288,4.0,8500000.0
North,7479.0,2669.4472,4,3,2.4936708860759493,1,7.970650953984288,4.344818081587651,20000000.0
Missing,7400.0,1001.0427,3,3,2.4936708860759493,2,7.970650953984288,3.75,7400000.0
Missing,16003.0,1151.7373,4,3,2.0,3,7.970650953984288,4.344818081587651,18500000.0
South,8000.0,495.1394,2,1,2.4936708860759493,1,7.970650953984288,3.75,4000000.0
Missing,9444.0,904.1676,5,3,3.0,1,7.970650953984288,3.75,8500000.0
Missing,9103.0,753.473,1,1,1.0,2,7.970650953984288,4.0,6900000.0
North-East,7727.0,1097.9178,2,2,2.4936708860759493,4,7.970650953984288,4.25,8500000.0
Missing,45710.0,2841.6696,6,8,3.0,0,5.0,5.0,130000000.0
Missing,27612.619900497517,904.1676,2,1,2.4936708860759493,1,7.970650953984288,4.344818081587651,49284510.43841336
North-East,8702.0,1496.1821,2,2,1.0,2,15.0,4.0,14000000.0
Missing,5950.0,3024.6559,5,5,3.0,3,10.0,4.344818081587651,18000000.0
East,3500.0,2002.0854,4,4,2.4936708860759493,2,7.970650953984288,4.344818081587651,7000000.0
West,9722.0,721.1813,4,3,2.0,3,5.0,4.0,7000000.0
North,8889.0,2701.7389,10,5,3.0,2,15.0,4.75,24000000.0
East,26973.0,1237.8485,1,1,2.4936708860759493,1,15.0,4.0,33500000.0
Missing,32407.0,2163.5439,3,2,2.4936708860759493,1,7.970650953984288,5.0,70000000.0
Missing,13750.0,1194.7929,1,1,2.4936708860759493,1,7.970650953984288,5.0,16500000.0
Missing,6000.0,1001.0427,1,1,2.4936708860759493,1,7.970650953984288,4.25,6000000.0
South-West,14890.0,1636.1128,4,4,2.0,3,15.0,4.75,24300000.0
Missing,9210.0,3799.6567,1,1,2.4936708860759493,1,7.970650953984288,4.0,35000000.0
Missing,6800.0,495.1394,1,1,2.4936708860759493,1,7.970650953984288,4.25,3400000.0
Missing,10518.0,710.4173999999999,6,4,1.0,3,10.0,4.25,7500000.0
Missing,7333.0,753.473,1,1,2.4936708860759493,1,7.970650953984288,4.25,5500000.0
North,8101.0,861.112,4,2,2.4936708860759493,2,15.0,4.0,7000000.0
Missing,6944.0,8998.6204,3,3,2.4936708860759493,1,10.0,4.344818081587651,62500000.0
North,14184.0,850.3480999999999,4,4,2.0,2,5.0,4.0,12000000.0
Missing,4260.0,1151.7373,2,2,1.0,3,1.0,4.344818081587651,4900000.0
Missing,10582.0,1894.4464,10,10,3.0,3,10.0,3.75,20000000.0
Missing,9390.0,398.2643,1,1,2.4936708860759493,3,10.0,4.344818081587651,3700000.0
Missing,84000.0,53.8195,5,3,2.0,3,5.0,4.5,4200000.0
Missing,6938.0,1076.39,3,1,2.4936708860759493,1,7.970650953984288,4.344818081587651,7500000.0
Missing,15555.0,2249.6551,10,1,2.4936708860759493,1,1.0,4.25,35000000.0
Missing,33333.0,1345.4875,5,5,3.0,2,15.0,5.0,45000000.0
Missing,7539.0,1539.2377,1,1,2.4936708860759493,1,7.970650953984288,4.0,11600000.0
Missing,10000.0,904.1676,3,4,3.0,3,10.0,4.25,9000000.0
North-East,10067.0,742.7090999999999,2,2,2.0,11,0.5,4.344818081587651,7500000.0
North-West,1649.0,785.7647,1,1,2.4936708860759493,0,5.0,4.344818081587651,1300000.0
Missing,10000.0,947.2232,7,4,2.0,3,10.0,4.25,9600000.0
Missing,10000.0,1345.4875,5,5,3.0,4,5.0,4.344818081587651,13500000.0
East,13000.0,495.1394,2,1,1.0,3,10.0,4.25,6500000.0
East,28898.0,3810.4206,8,11,3.0,3,15.0,4.5,110000000.0
North-East,28200.0,6393.7566,9,12,3.0,3,5.0,4.0,180200000.0
Missing,7168.0,818.0563999999999,2,2,3.0,4,1.0,4.344818081587651,6580000.0
Missing,20444.0,2249.6551,1,1,2.4936708860759493,1,7.970650953984288,4.5,46000000.0
North-East,27612.619900497517,5005.2135,5,5,3.0,4,7.970650953984288,4.5,49284510.43841336
Missing,35185.0,538.1949999999999,3,3,3.0,3,15.0,5.0,19000000.0
Missing,6289.0,2389.5858,3,3,2.0,1,1.0,4.344818081587651,15000000.0
East,17857.0,1399.307,5,4,3.0,1,15.0,4.25,25000000.0
North-East,7000.0,1001.0427,2,2,1.0,5,7.970650953984288,4.344818081587651,7000000.0
Missing,14166.0,602.7783999999999,5,5,3.0,4,1.0,4.344818081587651,8500000.0
North,30968.0,645.834,9,9,3.0,11,5.0,4.25,20000000.0
Missing,7777.0,904.1676,1,1,2.4936708860759493,1,7.970650953984288,4.0,7000000.0
East,18658.0,473.6116,5,3,2.0,2,15.0,4.0,8900000.0
Missing,10484.0,764.2369,1,1,2.4936708860759493,1,7.970650953984288,4.0,8000000.0
Missing,160000.0,96.8751,3,2,2.0,41,5.0,4.344818081587651,16000000.0
Missing,8127.0,1097.9178,1,1,2.4936708860759493,1,7.970650953984288,3.75,8900000.0
Missing,5000.0,2680.2111,1,1,2.4936708860759493,1,7.970650953984288,4.0,13400000.0
Missing,8000.0,2002.0854,5,5,3.0,3,10.0,4.0,17000000.0
Missing,7555.0,452.0838,1,1,1.0,1,7.970650953984288,4.25,3400000.0
North,49500.0,2002.0854,2,2,2.0,3,7.970650953984288,4.0,99000000.0
Missing,8889.0,452.0838,7,4,3.0,4,1.0,3.75,4000000.0
Missing,13030.0,1646.8767,1,1,2.4936708860759493,1,7.970650953984288,5.0,21500000.0
North-West,308333.0,64.5834,8,8,3.0,5,5.0,4.0,18500000.0
Missing,8333.0,538.1949999999999,4,2,1.0,2,5.0,4.25,4500000.0
South-East,10610.0,548.9589,2,3,2.0,2,5.0,4.344818081587651,5825000.0
East,18889.0,904.1676,5,4,3.0,3,10.0,4.344818081587651,17000000.0
Missing,7302.0,635.0701,6,3,3.0,3,10.0,3.75,4600000.0
Missing,8155.0,979.5149,5,4,1.0,2,10.0,4.0,8000000.0
South-East,10591.0,548.9589,2,3,2.0,2,5.0,4.344818081587651,5825000.0
Missing,24074.0,1076.39,4,4,3.0,4,5.0,4.5,26000000.0
East,14815.0,1345.4875,5,5,2.0,3,7.970650953984288,3.75,20000000.0
North-West,5160.0,1625.3489,19,17,3.0,5,5.0,4.5,38700000.0
East,144444.0,43.0556,3,3,2.0,3,15.0,4.344818081587651,6500000.0
North-East,9615.0,2335.7663,3,2,1.0,1,15.0,4.75,22500000.0
West,9444.0,904.1676,3,2,2.4936708860759493,1,5.0,3.75,8500000.0
East,10101.0,1980.5576,11,10,3.0,3,15.0,3.75,20000000.0
East,22222.0,4520.838,5,5,2.0,2,15.0,4.5,100000000.0
North-West,32407.0,1076.39,5,4,3.0,3,15.0,4.5,35000000.0
Missing,6813.0,807.2925,2,1,1.0,1,10.0,4.25,5500000.0
Missing,15046.0,4316.323899999999,3,2,3.0,0,15.0,4.0,65000000.0
North-East,11583.0,538.1949999999999,2,2,1.0,3,15.0,4.75,13899999.999999998
Missing,27612.619900497517,1797.5712999999998,4,2,1.0,2,7.970650953984288,4.0,49284510.43841336
North-East,6034.0,1162.5012,3,3,2.4936708860759493,1,5.0,4.0,7000000.0
Missing,10085.0,581.2506,2,2,2.0,2,10.0,4.25,5900000.0
Missing,17778.0,2249.6551,5,5,2.0,3,5.0,4.5,40000000.0
East,40611.0,3078.4754,6,5,3.0,4,10.0,4.75,125000000.0
Missing,29630.0,538.1949999999999,7,5,3.0,4,15.0,4.5,16000000.0
East,29629.0,538.1949999999999,8,5,3.0,4,15.0,4.5,16000000.0
South-West,10740.0,2701.7389,7,7,3.0,2,15.0,3.75,29000000.0
West,4444.0,904.1676,6,4,2.0,2,10.0,4.0,4000000.0
Missing,17980.0,904.1676,2,2,3.0,3,10.0,4.25,17000000.0
Missing,55000.0,1001.0427,3,3,2.4936708860759493,1,10.0,4.344818081587651,55000000.0
North,19737.0,3422.9202,5,4,2.0,2,15.0,5.0,67500000.0
West,5093.0,10796.1917,3,3,3.0,2,10.0,4.344818081587651,55000000.0
South-East,25463.0,1076.39,3,3,1.0,2,10.0,4.25,27500000.0
North-East,12000.0,226.0419,2,2,1.0,2,10.0,4.0,2700000.0
North,7007.0,1001.0427,2,3,1.0,1,5.0,3.75,7000000.0
Missing,8920.0,1065.6261,10,10,3.0,3,1.0,4.344818081587651,9500000.0
East,35294.0,2292.7107,5,5,2.0,4,15.0,5.0,81000000.0
West,12963.0,5403.4778,4,4,3.0,2,5.0,4.0,70000000.0
Missing,8254.0,473.6116,1,1,1.0,1,5.0,4.344818081587651,3800000.0
North,5128.0,1173.2650999999998,7,3,1.0,2,10.0,3.75,6000000.0
North,5777.0,1130.2095,2,2,1.0,1,10.0,4.0,6500000.0
Missing,15926.0,4520.838,4,4,2.0,1,15.0,5.0,72000000.0
Missing,11111.0,1345.4875,5,5,2.0,3,15.0,3.75,15000000.0
East,14285.0,6996.535,5,7,2.0,4,10.0,4.75,100000000.0
East,34307.0,4520.838,5,6,3.0,3,10.0,5.0,155000000.0
East,51864.0,2841.6696,16,20,3.0,4,1.0,5.0,147500000.0
North-East,44265.0,4520.838,16,20,3.0,4,0.5,5.0,200000000.0
North,29444.0,3239.9339,6,5,3.0,3,0.5,4.75,95400000.0
East,39074.0,2701.7389,5,6,3.0,3,10.0,5.0,105500000.0
North,38734.0,4520.838,6,7,3.0,3,1.0,5.0,173000000.0
West,23442.0,1560.7655,9,9,3.0,3,1.0,4.75,36500000.0
North-East,41833.0,4520.838,6,8,2.0,3,5.0,5.0,189000000.0
Missing,27778.0,3239.9339,8,5,3.0,3,15.0,5.0,90000000.0
North-East,600000.0,398.2643,5,5,2.0,1,15.0,4.25,240000000.0
Missing,23889.0,904.1676,3,3,3.0,3,10.0,4.0,21500000.0
North-West,25000.0,904.1676,6,3,3.0,3,5.0,4.5,22500000.0
East,10260.0,6350.701,4,4,3.0,2,5.0,4.0,74600000.0
West,31915.0,2109.7244,12,12,3.0,3,10.0,5.0,67500000.0
West,11102.0,538.1949999999999,8,4,3.0,3,1.0,4.0,5995000.0
North-East,8866.0,4499.3102,4,5,3.0,4,1.0,5.0,39900000.0
East,36911.0,1840.6269,12,14,3.0,0,1.0,4.25,68100000.0
East,36111.0,1797.5712999999998,5,5,3.0,3,15.0,5.0,65000000.0
Missing,15444.0,4499.3102,4,4,3.0,2,15.0,5.0,69500000.0
South,11240.0,6232.2981,5,5,3.0,2,5.0,4.0,70000000.0
Missing,15437.0,2497.2248,3,3,3.0,4,0.5,4.25,38500000.0
Missing,14351.0,2163.5439,3,4,3.0,1,1.0,4.0,32000000.0
East,27191.0,3239.9339,8,6,3.0,3,10.0,4.75,88100000.0
East,241666.0,64.5834,4,4,3.0,4,5.0,4.25,14500000.0
South-East,32963.0,2701.7389,4,4,3.0,2,15.0,5.0,89000000.0
West,33592.0,1937.502,9,9,3.0,3,15.0,5.0,65000000.0
North-West,24455.0,1840.6269,9,9,3.0,3,10.0,4.25,44900000.0
Missing,26667.0,8998.6204,5,6,3.0,3,10.0,4.25,220000000.0
South,26389.0,3595.1426,5,5,3.0,2,5.0,4.0,95000000.0
North-East,194444.0,355.2087,4,4,3.0,3,5.0,4.0,70000000.0
North-West,18444.0,2249.6551,5,4,2.0,2,15.0,4.5,41500000.0
Missing,11600.0,2497.2248,4,4,3.0,2,5.0,5.0,29000000.0
North-East,38095.0,3153.8227,5,6,3.0,4,1.0,3.75,120000000.0
East,13492.0,6296.8815,5,6,3.0,10,5.0,4.25,85000000.0
East,33951.0,3239.9339,4,4,2.0,3,1.0,5.0,110000000.0
East,11157.0,1205.5567999999998,2,2,2.0,4,1.0,4.344818081587651,13500000.0
North-East,8444.0,2249.6551,4,3,2.0,2,10.0,4.344818081587651,19000000.0
East,21495.0,1506.946,5,6,3.0,4,5.0,4.5,32500000.0
East,42054.0,4520.838,6,6,3.0,2,5.0,5.0,190000000.0
North-West,1560.0,1937.502,9,9,2.0,3,5.0,5.0,73000000.0
East,20741.0,2701.7389,6,4,3.0,3,15.0,4.25,56000000.0
Missing,13178.0,1937.502,3,3,2.0,3,5.0,4.0,25500000.0
North-East,12000.0,2002.0854,3,3,2.0,2,10.0,5.0,24000000.0
Missing,26428.0,6996.535,4,4,1.0,1,10.0,4.25,185000000.0
North-West,82540.0,3616.6704,16,16,3.0,4,1.0,5.0,260000000.0
East,18888.0,904.1676,2,1,2.0,2,15.0,4.75,17000000.0
East,31481.0,538.1949999999999,4,4,3.0,4,1.0,4.5,16000000.0
North,13501.0,3218.4061,4,4,3.0,2,5.0,4.0,43500000.0
North-East,20988.0,3239.9339,4,4,3.0,3,5.0,4.0,68000000.0
North,400000.0,247.5697,12,12,3.0,4,5.0,5.0,100000000.0
North,21296.0,2163.5439,3,3,3.0,2,15.0,4.25,46000000.0
East,34722.0,3595.1426,4,4,3.0,2,5.0,4.25,125000000.0
North,18626.0,1560.7655,4,4,3.0,2,5.0,4.75,29000000.0
North-East,24366.0,11291.3311,6,7,3.0,3,5.0,5.0,275000000.0
North-East,26298.0,3046.1837,9,9,3.0,4,5.0,4.5,80000000.0
West,7500.0,548.9589,11,11,3.0,5,1.0,5.0,22500000.0
North-East,24171.0,3433.6841,5,6,3.0,4,15.0,4.0,83100000.0
North-East,23000.0,2701.7389,6,6,3.0,4,15.0,4.0,62100000.0
North-East,29697.0,2475.697,6,4,3.0,3,15.0,4.25,73500000.0
Missing,33333.0,1345.4875,5,3,2.0,3,15.0,5.0,45000000.0
Missing,36111.0,1797.5712999999998,4,3,3.0,3,10.0,5.0,65000000.0
East,6778.0,2701.7389,4,4,2.0,4,1.0,4.5,18300000.0
South,22812.0,3218.4061,4,5,2.0,2,10.0,4.25,73500000.0
East,261194.0,398.2643,4,4,2.0,2,15.0,5.0,105000000.0
North-West,178571.0,150.69459999999998,3,3,1.0,2,15.0,4.5,27500000.0
North-West,27461.0,2368.058,12,12,3.0,4,5.0,4.25,65000000.0
West,31686.0,1937.502,9,9,3.0,4,5.0,5.0,75000000.0
North-East,22222.0,3595.1426,6,7,3.0,51,10.0,4.0,80000000.0
Missing,23061.0,2389.5858,8,8,3.0,3,10.0,4.25,55000000.0
North,32222.0,1345.4875,5,4,3.0,3,15.0,5.0,43500000.0
Missing,17662.0,1560.7655,3,3,3.0,2,10.0,4.75,27500000.0
North,39841.0,4520.838,6,6,2.0,3,15.0,5.0,180000000.0
North-West,37627.0,4520.838,5,6,3.0,2,15.0,5.0,170000000.0
Missing,23148.0,1625.3489,3,4,3.0,2,10.0,4.0,37500000.0
East,29880.0,4520.838,5,5,3.0,2,15.0,5.0,135000000.0
South-West,20068.0,2368.058,7,5,3.0,3,15.0,4.5,47500000.0
East,16569.0,3078.4754,3,2,2.4936708860759493,1,15.0,4.5,51000000.0
North-East,21242.0,1840.6269,6,6,3.0,3,10.0,4.25,39000000.0
East,11574.0,5403.4778,4,4,3.0,2,5.0,4.0,62500000.0
Missing,32562.0,3239.9339,5,5,3.0,2,10.0,5.0,105500000.0
North,13000.0,1550.0016,3,3,3.0,4,-1.71,4.344818081587651,20100000.0
Missing,22429.0,1453.1265,4,4,3.0,3,10.0,4.75,32500000.0
North-East,39530.0,2389.5858,12,12,3.0,4,1.0,4.75,92500000.0
North-East,22222.0,2701.7389,5,4,3.0,3,1.0,4.25,60000000.0
East,38889.0,1463.8904,4,4,3.0,2,5.0,4.5,52500000.0
North-East,27612.619900497517,2249.6551,12,12,3.0,4,1.0,5.0,49284510.43841336
North-East,57206.0,4542.3658,6,7,3.0,2,1.0,5.0,260000000.0
East,27222.0,2163.5439,9,9,3.0,3,5.0,4.75,58800000.0
East,63554.0,86.1112,2,1,1.0,1,1.0,4.344818081587651,5275000.0
East,10601.0,441.3199,2,2,1.0,2,1.0,4.25,4675000.0
South-East,20940.0,5844.7977,5,7,3.0,1,5.0,4.75,122500000.0
Missing,32253.0,3239.9339,5,7,3.0,3,10.0,5.0,104500000.0
East,37037.0,3239.9339,4,4,3.0,3,5.0,3.75,120000000.0
West,27612.619900497517,4682.2965,5,8,3.0,4,5.0,3.75,49284510.43841336
West,23704.0,3282.9895,4,4,3.0,3,10.0,4.25,64000000.0
North-East,23693.0,1840.6269,8,8,2.0,3,5.0,4.25,43500000.0
North-West,15989.0,1840.6269,4,4,3.0,2,15.0,4.75,29500000.0
South,19268.0,1560.7655,6,4,3.0,3,15.0,4.75,30000000.0
South-East,19360.0,592.0145,3,3,2.0,2,15.0,4.75,11500000.0
North,45833.0,1797.5712999999998,12,12,3.0,4,1.0,5.0,82500000.0
East,29880.0,4520.838,5,5,2.0,2,10.0,5.0,135000000.0
West,23437.0,6404.5205,5,5,3.0,2,10.0,5.0,150000000.0
East,2716.0,1937.502,8,7,3.0,3,10.0,5.0,55000000.0
North,39841.0,4520.838,5,4,3.0,4,10.0,5.0,180000000.0
East,32222.0,1797.5712999999998,4,3,2.0,2,5.0,5.0,58000000.0
West,40850.0,4230.2127,4,4,3.0,2,5.0,4.75,125000000.0
East,12342.0,2841.6696,4,4,3.0,4,-1.87,4.5,35100000.0
North-East,15555.0,2045.141,6,5,2.0,3,15.0,4.25,35000000.0
North-East,26111.0,3595.1426,5,6,3.0,2,5.0,4.0,94000000.0
East,31790.0,3239.9339,5,6,3.0,3,10.0,5.0,103000000.0
North-East,24691.0,2432.6414,4,4,3.0,2,5.0,4.0,60000000.0
North-East,235376.0,355.2087,3,3,2.0,2,15.0,5.0,84500000.0
South-West,29293.0,2475.697,9,8,3.0,4,15.0,5.0,72500000.0
East,16004.0,2432.6414,3,3,2.0,2,10.0,5.0,40000000.0
West,27333.0,2432.6414,5,5,3.0,3,5.0,4.0,61500000.0
North,17624.0,2604.8638,4,4,3.0,3,10.0,4.25,46000000.0
North-East,38580.0,3239.9339,4,5,2.0,2,10.0,5.0,125000000.0
East,27778.0,3595.1426,4,5,3.0,2,1.0,4.0,100000000.0
North-East,35556.0,4499.3102,5,6,3.0,2,15.0,5.0,160000000.0
North,38580.0,3239.9339,5,5,3.0,2,15.0,5.0,125000000.0
East,35000.0,4499.3102,6,7,3.0,3,5.0,4.25,160000000.0
North-East,30864.0,3239.9339,6,6,3.0,4,10.0,4.25,100000000.0
Missing,27612.619900497517,4499.3102,5,7,3.0,2,10.0,3.75,49284510.43841336
North-East,161849.0,172.2224,5,5,3.0,2,15.0,5.0,28000000.0
North-East,27778.0,2432.6414,3,3,3.0,2,10.0,5.0,67500000.0
West,16056.0,1560.7655,4,4,2.0,4,15.0,4.75,25000000.0
North,17707.0,4520.838,12,4,3.0,3,15.0,3.5,80000000.0
North,20690.0,2604.8638,4,5,3.0,3,5.0,4.25,54000000.0
North,29716.0,1937.502,4,4,2.0,2,15.0,4.0,57500000.0
South,16378.0,1560.7655,3,3,2.0,2,15.0,4.75,25500000.0
South-West,17284.0,3239.9339,8,6,3.0,0,10.0,4.75,56000000.0
North-East,37777.0,4499.3102,5,8,3.0,3,5.0,4.25,170000000.0
South-East,12519.0,6382.9927,4,6,3.0,2,1.0,4.0,79900000.0
East,25562.0,1463.8904,6,6,3.0,3,10.0,5.0,37500000.0
South,27971.0,2594.0999,3,4,2.0,2,10.0,4.25,72500000.0
North,21000.0,4004.1708,4,5,3.0,2,10.0,4.25,84000000.0
Missing,24500.0,1453.1265,4,4,3.0,2,15.0,4.25,35500000.0
East,7058.0,3401.3924,4,4,3.0,3,10.0,3.75,25000000.0
East,7058.0,3401.3924,4,4,3.0,3,10.0,4.5,25000000.0
West,7718.0,3196.8783,4,4,3.0,0,10.0,4.5,24700000.000000004
North-East,25535.0,1453.1265,8,8,2.0,4,1.0,4.344818081587651,37000000.0
South,1859.0,4520.838,6,8,3.0,4,5.0,5.0,184000000.0
East,17037.0,2701.7389,6,6,3.0,3,15.0,4.0,46000000.0
North-West,10579.0,3455.2119,6,6,2.0,3,10.0,4.0,36500000.0
East,42194.0,2841.6696,4,5,3.0,4,5.0,4.75,120000000.0
North-East,15625.0,2884.7252,8,8,3.0,3,10.0,5.0,45000000.0
North,15278.0,2884.7252,6,6,3.0,3,10.0,5.0,44000000.0
Missing,201388.0,355.2087,4,4,3.0,2,5.0,4.25,72500000.0
Missing,17187.0,581.2506,4,4,3.0,4,5.0,4.75,9900000.0
South-East,27612.619900497517,4520.838,5,7,3.0,3,5.0,3.75,49284510.43841336
West,44444.0,4499.3102,5,7,3.0,3,5.0,5.0,200000000.0
North-East,18928.0,2163.5439,3,3,3.0,4,1.0,5.0,26500000.0
East,10926.0,2701.7389,4,4,2.0,4,5.0,4.0,29500000.0
North,19608.0,1840.6269,8,4,3.0,3,10.0,4.75,36000000.0
East,8089.0,1571.5294,3,3,3.0,4,-1.62,4.0,12700000.0
East,6849.0,1097.9178,3,2,3.0,4,-1.0,3.75,7500000.0
East,24691.0,2432.6414,5,6,3.0,3,15.0,4.75,60000000.0
North-West,27612.619900497517,2432.6414,16,16,3.0,4,1.0,4.75,49284510.43841336
North-East,19607.0,3315.2812,4,5,3.0,1,10.0,4.344818081587651,65000000.0
North-East,40000.0,4499.3102,5,6,3.0,3,5.0,3.75,180000000.0
Missing,34846.0,3239.9339,5,5,3.0,2,10.0,5.0,112900000.0
North,31444.0,2701.7389,3,3,2.0,4,5.0,4.0,84900000.0
Missing,26235.0,3239.9339,4,4,1.0,0,5.0,4.25,85000000.0
East,22222.0,2701.7389,4,4,3.0,2,10.0,4.25,60000000.0
Missing,23457.0,4047.2264,5,5,3.0,2,5.0,4.0,95000000.0
North,27083.0,7201.049099999999,8,9,3.0,2,1.0,4.75,195000000.0
North-East,43210.0,2723.2667,12,12,3.0,4,5.0,5.0,105000000.0
North,31926.0,1345.4875,5,4,3.0,3,15.0,5.0,43099999.99999999
East,38611.0,1732.9879,12,12,3.0,4,1.0,4.0,69500000.0
North-East,27911.0,3767.365,4,4,2.0,0,15.0,5.0,105000000.0
East,29022.0,3616.6704,5,5,3.0,3,10.0,5.0,105000000.0
Missing,12837.0,4520.838,4,4,3.0,4,15.0,4.344818081587651,58000000.0
Missing,12198.0,3767.365,4,4,3.0,0,15.0,4.344818081587651,46000000.0
Missing,35741.0,3239.9339,5,5,3.0,2,10.0,5.0,115800000.0
Missing,27612.619900497517,3239.9339,5,5,3.0,2,10.0,5.0,49284510.43841336
North-East,16666.0,2400.3497,4,4,3.0,2,10.0,4.75,40000000.0
North-West,35556.0,4499.3102,6,7,3.0,3,15.0,5.0,160000000.0
South-West,9634.0,6232.2981,5,5,3.0,2,5.0,4.0,60000000.0
North,45833.0,1797.5712999999998,12,12,3.0,4,1.0,5.0,82500000.0
West,31481.0,2163.5439,4,5,3.0,3,15.0,5.0,68000000.0
West,7827.0,3196.8783,4,5,3.0,4,10.0,4.5,25000000.0
East,38760.0,1937.502,12,12,3.0,4,1.0,4.0,75000000.0
North-East,23556.0,3595.1426,4,6,3.0,3,1.0,4.0,84800000.0
North-East,10035.0,6232.2981,5,7,3.0,3,5.0,4.0,62500000.0
West,28841.0,3767.365,8,8,3.0,3,10.0,5.0,108500000.0
East,26615.0,1937.502,9,9,3.0,3,5.0,4.75,51500000.0
North-East,24155.0,1453.1265,4,4,3.0,2,15.0,4.75,35000000.0
North-East,14815.0,2432.6414,4,4,3.0,2,1.0,3.75,36000000.0
Missing,22222.0,2701.7389,4,5,2.0,2,15.0,4.0,60000000.0
North,62222.0,2249.6551,4,5,3.0,2,15.0,4.25,140000000.0
North,6597.0,2421.8775,4,4,3.0,16,10.0,4.0,16000000.0
North-West,7870.0,2163.5439,3,3,3.0,4,1.0,4.75,17000000.0
North-East,26852.0,2701.7389,9,9,3.0,2,1.0,4.0,72500000.0
East,28233.0,5489.589,5,6,3.0,3,10.0,4.0,155000000.0
North-West,15111.0,2249.6551,3,3,3.0,1,15.0,4.5,34000000.0
North,34722.0,3239.9339,9,9,3.0,2,10.0,4.75,112500000.0
East,19820.0,1668.4045,4,3,3.0,2,10.0,4.0,33000000.0
North-East,1087.0,50579.5661,8,8,2.0,3,5.0,4.0,55000000.0
South-East,27612.619900497517,2163.5439,9,9,3.0,3,5.0,4.25,49284510.43841336
West,31481.0,2701.7389,5,5,3.0,3,10.0,5.0,85000000.0
North-East,26235.0,3239.9339,5,4,2.0,1,10.0,4.25,85000000.0
Missing,19645.0,2368.058,4,4,2.4936708860759493,0,0.0,4.344818081587651,49284510.43841336
West,36883.0,3239.9339,3,3,2.0,1,10.0,5.0,119500000.0
East,37037.0,3239.9339,3,4,2.0,1,10.0,5.0,120000000.0
North-East,27871.0,2690.975,4,4,3.0,2,1.0,4.25,65000000.0
North-West,35109.0,4843.755,5,8,3.0,3,5.0,4.344818081587651,170000000.0
Missing,17692.0,3767.365,7,8,3.0,3,15.0,4.75,115000000.0
North-West,38022.0,2368.058,12,12,3.0,4,1.0,4.0,90000000.0
Missing,33333.0,4499.3102,4,4,3.0,3,10.0,5.0,150000000.0
North,25309.0,3239.9339,3,3,2.0,2,10.0,4.25,82000000.0
South-West,16990.0,3250.6978,3,3,2.0,4,10.0,4.5,55100000.0
Missing,14222.0,2249.6551,3,3,2.0,2,15.0,5.0,32000000.0
North-East,22222.0,3595.1426,6,7,3.0,3,10.0,4.0,80000000.0
North-West,16388.0,1797.5712999999998,3,3,3.0,2,10.0,5.0,29500000.0
East,22075.0,1377.7792,3,3,2.0,2,10.0,5.0,28000000.0
East,11666.0,1948.2659,9,9,3.0,4,5.0,4.75,52500000.0
North,47167.0,1797.5712999999998,12,12,3.0,4,5.0,5.0,84900000.0
North,7937.0,5478.8251,4,4,3.0,2,5.0,3.75,43500000.0
South-East,20197.0,1732.9879,4,4,2.0,3,10.0,4.0,34900000.0
South,20635.0,1453.1265,4,4,2.0,2,10.0,4.5,29900000.000000004
West,34037.0,2701.7389,16,18,2.0,4,1.0,4.25,91900000.0
South,10123.0,1625.3489,3,3,2.0,4,1.0,4.25,16399999.999999998
North-East,28858.0,3239.9339,10,10,3.0,4,10.0,5.0,93500000.0
North,28549.0,3239.9339,9,9,3.0,4,10.0,5.0,92500000.0
East,15555.0,1528.4738,3,3,3.0,2,10.0,4.5,28000000.0
East,13513.0,1528.4738,3,3,2.0,2,10.0,4.5,25000000.0
East,20769.0,1711.4601,3,3,3.0,2,10.0,4.5,40500000.0
North-East,34568.0,2432.6414,4,4,3.0,2,5.0,4.75,84000000.0
East,21097.0,2841.6696,6,7,3.0,3,10.0,4.344818081587651,60000000.0
North-East,33951.0,3239.9339,5,6,3.0,2,1.0,3.75,110000000.0
North-East,24306.0,3595.1426,5,5,3.0,3,1.0,4.0,87500000.0
South-West,25556.0,8998.6204,4,4,3.0,2,5.0,5.0,230000000.0
North-East,36111.0,1797.5712999999998,4,4,3.0,2,10.0,5.0,65000000.0
West,7756.0,538.1949999999999,4,4,3.0,3,10.0,4.75,24500000.0
East,21825.0,2518.7526,8,8,2.0,3,10.0,5.0,55000000.0
North,12342.0,2841.6696,4,4,3.0,4,0.5,4.5,35100000.0
North-East,16577.0,5780.2143,5,5,3.0,4,5.0,4.0,92500000.0
West,17706.0,3078.4754,7,7,3.0,2,10.0,4.5,56500000.0
West,29074.0,2701.7389,9,9,3.0,3,5.0,4.0,78500000.0
North-East,29880.0,4520.838,5,5,3.0,2,5.0,5.0,135000000.0
East,42222.0,4499.3102,6,8,3.0,3,10.0,5.0,190000000.0
South-West,38194.0,1442.3626,18,18,3.0,4,5.0,4.5,55000000.0
South,21605.0,1625.3489,4,4,3.0,3,15.0,4.0,35000000.0
North-East,38194.0,3153.8227,4,4,3.0,3,5.0,4.25,82500000.0
Missing,37778.0,4499.3102,4,4,3.0,1,5.0,5.0,160000000.0
North,31111.0,8998.6204,4,4,3.0,2,10.0,4.25,250000000.0
Missing,17213.0,1560.7655,4,3,2.0,3,10.0,4.75,26800000.0
East,18620.0,1453.1265,5,5,2.0,3,15.0,4.5,27000000.0
East,17014.0,1442.3626,4,4,3.0,2,15.0,5.0,23000000.0
North-East,7750.0,1184.029,2,3,3.0,3,1.0,4.25,9200000.0
North-East,7172.0,1453.1265,3,3,3.0,2,5.0,4.25,10400000.0
West,29638.0,3767.365,5,5,2.0,3,15.0,4.0,98500000.0
Missing,33333.0,4499.3102,5,5,3.0,4,10.0,4.25,150000000.0
North-East,8137.0,1453.1265,3,3,3.0,2,5.0,4.25,11800000.0
North-East,7582.0,1184.029,2,2,3.0,3,1.0,4.25,9000000.0
North,48148.0,2701.7389,3,3,3.0,4,1.0,4.75,130000000.0
East,18605.0,8115.9806,5,5,3.0,3,1.0,3.75,151000000.0
North-East,16066.0,5607.9919,4,4,3.0,3,5.0,3.75,90100000.0
East,55556.0,3239.9339,4,4,3.0,3,10.0,3.75,180000000.0
Missing,38986.0,3078.4754,16,16,3.0,4,1.0,4.0,120000000.0
North-East,24510.0,914.9315,4,3,3.0,3,5.0,4.25,22500000.0
West,11428.0,6996.535,4,4,3.0,2,15.0,3.75,80000000.0
West,22184.0,2594.0999,4,4,2.0,2,10.0,4.25,57500000.0
North-West,30247.0,3239.9339,4,4,3.0,2,10.0,5.0,98000000.0
West,20370.0,2432.6414,6,5,3.0,3,5.0,4.75,49500000.0
North-East,31666.0,8998.6204,5,6,3.0,3,5.0,3.75,190000000.0
North,18889.0,2432.6414,4,4,3.0,3,10.0,4.75,49900000.0
East,283333.0,236.8058,3,3,3.0,1,10.0,5.0,71000000.0
East,31481.0,1463.8904,5,5,3.0,3,5.0,4.5,42500000.0
North-East,42222.0,2723.2667,5,5,3.0,2,5.0,4.75,95000000.0
West,59259.0,3153.8227,16,16,3.0,4,1.0,5.0,160000000.0
East,45833.0,1894.4464,12,12,3.0,4,1.0,4.5,82500000.0
North-East,18008.0,2604.8638,4,4,3.0,3,1.0,4.25,47000000.0
North-East,26235.0,1840.6269,5,5,3.0,3,10.0,4.75,42500000.0
West,27612.619900497517,4520.838,5,5,3.0,2,5.0,5.0,49284510.43841336
East,33333.0,1463.8904,10,8,3.0,4,5.0,4.5,45000000.0
Missing,12285.0,6996.535,4,5,3.0,3,5.0,4.25,86000000.0
East,19293.0,4951.394,6,7,3.0,2,5.0,3.75,95500000.0
South,20599.0,2400.3497,7,7,3.0,2,15.0,4.25,49500000.0
North-East,173992.0,548.9589,6,6,3.0,3,10.0,3.75,95000000.0
North-East,21367.0,2335.7663,7,7,3.0,2,10.0,4.25,50000000.0
North-East,20299.0,2335.7663,7,7,3.0,2,10.0,4.25,47500000.0
North-East,41818.0,279.8614,3,3,3.0,2,15.0,4.75,11500000.0
North-East,9634.0,6232.2981,4,5,3.0,2,10.0,4.0,60000000.0
North,19231.0,4682.2965,5,5,2.0,2,15.0,4.75,90000000.0
South,20833.0,1732.9879,4,4,2.0,2,15.0,4.0,36000000.0
South-West,33333.0,2701.7389,5,5,2.0,3,15.0,5.0,90000000.0
North,6875.0,3196.8783,12,12,3.0,6,1.0,4.75,22000000.0
North-East,14667.0,2249.6551,3,3,2.0,1,15.0,5.0,33000000.0
North,14787.0,2368.058,5,4,2.0,2,15.0,4.25,35000000.0
East,16319.0,1442.3626,4,4,2.0,2,15.0,5.0,23500000.0
East,18250.0,548.9589,7,9,3.0,4,5.0,5.0,182500000.0
East,27390.0,1937.502,9,9,3.0,3,10.0,4.0,53000000.0
North,30728.0,2034.3771,7,7,3.0,3,10.0,4.75,62500000.0
East,35000.0,1797.5712999999998,4,4,3.0,2,15.0,5.0,63000000.0
East,30556.0,1797.5712999999998,4,4,3.0,2,10.0,4.344818081587651,55000000.0
East,41315.0,2841.6696,4,5,3.0,4,5.0,4.75,117500000.0
North,3786.0,5015.9774,10,9,3.0,3,5.0,4.5,19000000.0
North,60000.0,2604.8638,4,4,3.0,2,5.0,5.0,108000000.0
North,24691.0,2594.0999,3,4,3.0,2,5.0,4.25,64000000.0
North,9349.0,1732.9879,2,2,3.0,2,5.0,4.344818081587651,11500000.0
North,23504.0,2335.7663,4,4,2.0,2,5.0,4.25,55000000.0
South-East,21605.0,1625.3489,4,4,2.0,2,5.0,4.25,35000000.0
East,234375.0,161.4585,4,4,3.0,3,10.0,4.25,37500000.0
North,26235.0,1625.3489,10,9,3.0,4,10.0,5.0,42500000.0
North-East,21786.0,1840.6269,6,6,3.0,4,15.0,4.25,40000000.0
North-East,35000.0,8998.6204,7,9,3.0,3,10.0,5.0,315000000.0
North-West,8235.0,1700.6962,3,3,2.0,3,1.0,4.0,14000000.0
East,15432.0,3239.9339,4,4,3.0,3,5.0,4.0,50000000.0
North-East,37627.0,4520.838,5,5,3.0,2,5.0,5.0,170000000.0
South-West,21251.0,5607.9919,4,4,3.0,0,5.0,3.75,90000000.0
West,30556.0,538.1949999999999,4,4,3.0,4,10.0,4.75,16500000.0
East,27160.0,4047.2264,5,6,3.0,3,1.0,4.75,110000000.0
Missing,35530.0,3100.0032,5,5,3.0,2,5.0,5.0,110000000.0
South,22046.0,1700.6962,3,3,1.0,2,15.0,4.5,37500000.0
West,22222.0,1528.4738,6,6,3.0,2,10.0,4.5,34000000.0
West,33333.0,1345.4875,3,3,2.0,2,15.0,5.0,45000000.0
Missing,27132.0,1937.502,4,4,2.0,2,15.0,4.0,52500000.0
Missing,22855.0,2841.6696,4,4,2.0,2,15.0,4.5,65000000.0
North,40741.0,3239.9339,4,4,3.0,2,10.0,5.0,110000000.0
West,34722.0,2163.5439,3,3,2.0,2,10.0,5.0,75000000.0
South-East,29333.0,3379.8646,5,5,2.0,2,10.0,5.0,99000000.0
West,32328.0,2088.1966,4,4,3.0,3,5.0,5.0,67500000.0
West,290948.0,236.8058,12,12,3.0,0,10.0,5.0,67500000.0
East,25562.0,1463.8904,6,6,3.0,3,10.0,5.0,37500000.0
North,12393.0,1173.2650999999998,4,4,2.0,2,15.0,5.0,14500000.0
North-East,22331.0,1840.6269,3,3,2.0,1,15.0,4.75,41000000.0
North,20317.0,3153.8227,6,6,3.0,3,15.0,4.5,64000000.0
West,18088.0,1937.502,6,4,2.0,2,15.0,4.5,35000000.0
Missing,21759.0,2163.5439,3,3,3.0,3,1.0,4.0,47000000.0
West,16600.0,4520.838,3,3,2.0,1,15.0,4.5,75000000.0
North,21219.0,2594.0999,3,6,2.0,2,10.0,4.25,55000000.0
North-East,19125.0,4004.1708,4,4,3.0,2,10.0,4.25,76500000.0
East,18885.0,2723.2667,5,7,3.0,2,10.0,4.25,51500000.0
North,15000.0,4499.3102,5,4,2.0,2,1.0,5.0,67500000.0
East,37037.0,2701.7389,5,5,3.0,3,10.0,5.0,100000000.0
West,18814.0,4520.838,4,4,2.0,2,15.0,5.0,85000000.0
North,32328.0,2088.1966,12,12,3.0,3,10.0,5.0,67500000.0
West,23457.0,4520.838,8,8,3.0,3,5.0,5.0,95000000.0
East,16975.0,3239.9339,5,4,2.0,2,15.0,4.5,55000000.0
East,18889.0,3422.9202,5,5,2.0,3,10.0,4.5,64600000.0
North-East,14000.0,4004.1708,5,4,3.0,33,0.5,4.344818081587651,56000000.0
Missing,32407.0,3239.9339,5,6,3.0,3,1.0,4.75,105000000.0
North,266666.0,301.3892,5,4,3.0,2,5.0,4.0,80000000.0
North-East,26502.0,2432.6414,4,5,3.0,3,1.0,4.0,64400000.00000001
North-East,23148.0,3239.9339,8,8,3.0,3,5.0,4.5,75000000.0
East,32407.0,2163.5439,4,4,2.0,2,15.0,5.0,70000000.0
East,33951.0,3239.9339,13,13,3.0,3,5.0,4.75,110000000.0
North-East,18808.0,3455.2119,5,5,2.0,2,5.0,5.0,65000000.0
South-East,31481.0,2163.5439,4,4,3.0,2,15.0,5.0,68000000.0
North-East,10838.0,6232.2981,4,4,3.0,2,1.0,4.0,67500000.0
West,19847.0,2368.058,6,6,3.0,2,15.0,4.5,47000000.0
North-East,23148.0,3239.9339,4,4,3.0,2,5.0,4.25,78000000.0
North-East,12037.0,5403.4778,4,4,3.0,1,1.0,4.0,65000000.0
North,17820.0,4768.4077,5,5,3.0,3,1.0,3.75,85000000.0
North-East,24390.0,1840.6269,6,6,3.0,3,10.0,4.25,45000000.0
West,35185.0,1345.4875,4,4,3.0,3,15.0,5.0,44500000.0
West,27612.619900497517,4682.2965,5,8,3.0,4,5.0,3.75,49284510.43841336
East,26063.0,1453.1265,8,8,3.0,4,5.0,4.0,38000000.0
Missing,79365.0,129.1668,2,2,2.4936708860759493,0,15.0,4.0,10000000.0
East,23932.0,581.2506,8,8,3.0,4,10.0,4.25,14000000.0
East,24573.0,4682.2965,5,6,3.0,4,5.0,3.75,115000000.0
East,24005.0,1453.1265,3,2,3.0,2,10.0,4.25,35000000.0
East,32870.0,2163.5439,5,4,3.0,2,10.0,5.0,71000000.0
North-West,33404.0,2841.6696,9,9,3.0,3,15.0,5.0,95000000.0
East,23240.0,4520.838,5,7,3.0,3,5.0,3.75,117500000.0
North,29630.0,1345.4875,4,4,3.0,2,15.0,5.0,40000000.0
South-East,16071.0,2163.5439,3,3,3.0,4,1.0,4.5,22500000.0
South,51440.0,2432.6414,16,17,3.0,4,5.0,4.75,125000000.0
Missing,26667.0,4499.3102,5,6,3.0,3,1.0,3.75,110000000.0
East,28782.0,1496.1821,9,9,3.0,3,5.0,4.25,43000000.0
Missing,34491.0,2163.5439,4,4,3.0,3,15.0,5.0,74500000.0
West,34351.0,2163.5439,4,4,3.0,2,15.0,5.0,74200000.0
North-East,47803.0,1937.502,12,12,3.0,4,1.0,4.344818081587651,92500000.0
Missing,6230.0,1926.7381,3,2,2.0,3,1.0,4.5,12000000.0
West,33665.0,1808.3352,12,11,3.0,4,10.0,4.75,60900000.0
East,44444.0,1130.2095,9,9,3.0,5,1.0,4.25,50000000.0
North,27612.619900497517,3153.8227,4,4,3.0,3,1.0,3.75,49284510.43841336
Missing,27612.619900497517,3153.8227,5,5,3.0,2,5.0,3.75,49284510.43841336
East,20566.0,1453.1265,6,6,3.0,3,5.0,5.0,29800000.0
East,22222.0,1797.5712999999998,9,9,3.0,2,5.0,4.25,40000000.0
East,26667.0,904.1676,4,4,3.0,3,10.0,4.25,24000000.0
North-East,20349.0,1550.0016,5,4,3.0,2,10.0,4.0,31500000.0
North-East,23148.0,1840.6269,5,4,2.0,3,10.0,4.25,42500000.0
South-East,21124.0,2368.058,9,9,3.0,3,5.0,4.0,50000000.0
North-West,24202.0,904.1676,3,3,2.0,3,15.0,4.25,22000000.0
South-West,24155.0,1453.1265,4,3,3.0,2,10.0,4.75,35000000.0
South-West,23870.0,2368.058,8,6,3.0,3,10.0,4.25,56500000.0
North-West,24500.0,1453.1265,5,4,3.0,3,10.0,4.25,35500000.0
South-East,24845.0,1453.1265,5,5,3.0,3,10.0,4.25,36000000.0
North-East,20026.0,1550.0016,5,4,3.0,2,10.0,4.25,31000000.0
North-West,28787.0,1603.8211,3,3,3.0,2,10.0,4.0,47500000.0
Missing,12551.0,2432.6414,3,3,2.0,2,10.0,4.344818081587651,30500000.0
North-East,30556.0,1797.5712999999998,4,4,3.0,2,10.0,4.344818081587651,55000000.0
North,31481.0,1345.4875,3,2,3.0,2,15.0,5.0,42500000.0
East,33333.0,1345.4875,3,3,2.0,2,10.0,4.344818081587651,45000000.0
West,33129.0,979.5149,3,3,3.0,2,15.0,4.344818081587651,32500000.0
Missing,14815.0,2432.6414,3,3,2.0,2,10.0,4.344818081587651,36000000.0
